{"accuracy": [0.037135954946279526, 0.09118656814098358, 0.40900421142578125, 0.6023146510124207, 0.6744245290756226, 0.7082538604736328, 0.7413201332092285, 0.7638306021690369, 0.7813811302185059, 0.7984229922294617, 0.8130484819412231, 0.8232226967811584, 0.8349230289459229, 0.8453516364097595, 0.8537454009056091, 0.8659544587135315, 0.8715503215789795, 0.8776548504829407, 0.887320339679718, 0.898130476474762, 0.8930433392524719, 0.9058883190155029, 0.9066513776779175, 0.9178430438041687, 0.9236932396888733, 0.9264911413192749, 0.9351392388343811, 0.928525984287262, 0.9431514739990234, 0.9417524933815002, 0.9425155520439148, 0.9468396306037903, 0.9524354338645935, 0.9491288065910339, 0.9539616107940674, 0.9535800814628601, 0.9558692574501038, 0.9598117470741272, 0.9647716879844666, 0.9636270999908447, 0.9687142372131348, 0.9647716879844666, 0.9684599041938782, 0.9648988842964172, 0.9722751975059509, 0.9722751975059509, 0.9726567268371582, 0.9725295901298523, 0.9745644330978394, 0.9786341190338135], "loss": [3.258634567260742, 3.1151845455169678, 1.9945276975631714, 1.3780847787857056, 1.131102204322815, 0.9840977787971497, 0.8721668720245361, 0.7940191626548767, 0.7257747054100037, 0.6539695262908936, 0.6082968711853027, 0.5679392218589783, 0.5154109001159668, 0.48971986770629883, 0.46197399497032166, 0.41664883494377136, 0.40169137716293335, 0.36676082015037537, 0.3505989611148834, 0.31315064430236816, 0.3225632309913635, 0.2900884449481964, 0.27777501940727234, 0.24848586320877075, 0.23242045938968658, 0.22090475261211395, 0.20063570141792297, 0.20269504189491272, 0.17256464064121246, 0.17907129228115082, 0.165928915143013, 0.16197288036346436, 0.14946557581424713, 0.15065361559391022, 0.13214324414730072, 0.12819042801856995, 0.1296503245830536, 0.11408937722444534, 0.10626894235610962, 0.11332173645496368, 0.09351103007793427, 0.10124467313289642, 0.09190481901168823, 0.10768886655569077, 0.08559126406908035, 0.08355805277824402, 0.08589740842580795, 0.08149153739213943, 0.07475091516971588, 0.06416775286197662], "val_accuracy": [0.04549950361251831, 0.33036598563194275, 0.6834816932678223, 0.7438179850578308, 0.7665677666664124, 0.7863501310348511, 0.8001978397369385, 0.8239367008209229, 0.8318496346473694, 0.8447082042694092, 0.8555885553359985, 0.8644906282424927, 0.8674579858779907, 0.8644906282424927, 0.8783382773399353, 0.888229489326477, 0.885262131690979, 0.8921859264373779, 0.8941642045974731, 0.895153284072876, 0.895153284072876, 0.9090009927749634, 0.9109792113304138, 0.9090009927749634, 0.9218595623970032, 0.9179030656814575, 0.9139465689659119, 0.9149357080459595, 0.9208704233169556, 0.9277942776679993, 0.9268051385879517, 0.9307616353034973, 0.925815999507904, 0.9347180724143982, 0.9307616353034973, 0.9287833571434021, 0.9337289929389954, 0.9347180724143982, 0.9277942776679993, 0.9307616353034973, 0.9297724962234497, 0.9337289929389954, 0.9317507147789001, 0.9366963505744934, 0.9436202049255371, 0.9426310658454895, 0.9426310658454895, 0.9396637082099915, 0.9436202049255371, 0.9465875625610352], "val_loss": [3.2558984756469727, 2.4034171104431152, 1.215572714805603, 0.9334690570831299, 0.8073113560676575, 0.7159553170204163, 0.6623839139938354, 0.6068975329399109, 0.5552545785903931, 0.5069501996040344, 0.46714383363723755, 0.4430803656578064, 0.4395463466644287, 0.43314313888549805, 0.384718120098114, 0.3574216365814209, 0.3576795160770416, 0.34515872597694397, 0.3313336968421936, 0.33696138858795166, 0.3215078115463257, 0.2799948453903198, 0.2872669994831085, 0.2635936439037323, 0.24886131286621094, 0.25471970438957214, 0.2583518624305725, 0.26898959279060364, 0.24529826641082764, 0.2357548624277115, 0.2543818950653076, 0.2475757598876953, 0.23507721722126007, 0.23353657126426697, 0.22271332144737244, 0.26307255029678345, 0.21802914142608643, 0.2133444994688034, 0.23088699579238892, 0.24589741230010986, 0.2413608431816101, 0.22941966354846954, 0.226485475897789, 0.22320665419101715, 0.21196742355823517, 0.19736139476299286, 0.21476055681705475, 0.20769307017326355, 0.2218017727136612, 0.21244750916957855]}